Click Number,Timestamp,Tab Number,Username,Email,User ID,Session ID,Fingerprint,Birth Year,Account Age,URL Clicked,IP Address,ISP,City,State,Area,Pincode,Country,Country Code,Latitude,Longitude,Connection Type,Connection Speed (Mbps),Latency (ms),Connection Description,Location Tier,User Agent,Screen Resolution,Timezone,Language,Session Start Time,Session End Time,Time Taken (seconds),Interaction Duration (seconds)
1,"2025-09-23T15:04:09.335Z",1,"Ekta Chandra","ekta550@gmail.com",9798,"7e59vw","undefined",,,"https://aiskillshouse.com/student/qr-mediator.html?uid=50&promptId=17","undefined","undefined","undefined","undefined","undefined","undefined","undefined","undefined",,,"undefined",,,"undefined","undefined","undefined","undefined","undefined","undefined","2025-09-23T15:03:57.406Z","2025-09-23T15:04:09.335Z",11.93,11.93
2,"2025-09-23T15:04:29.283Z",1,"Vivek Kamath","vivek342@gmail.com",3645,"cgiigj","undefined",,,"https://aiskillshouse.com/student/qr-mediator.html?uid=50&promptId=13","undefined","undefined","undefined","undefined","undefined","undefined","undefined","undefined",,,"undefined",,,"undefined","undefined","undefined","undefined","undefined","undefined","2025-09-23T15:04:19.144Z","2025-09-23T15:04:29.283Z",10.14,10.14
3,"2025-09-23T15:04:53.660Z",1,"Hemant Ghosh","hemant980@gmail.com",2534,"gmni75","undefined",,,"https://aiskillshouse.com/student/qr-mediator.html?uid=50&promptId=14","undefined","undefined","undefined","undefined","undefined","undefined","undefined","undefined",,,"undefined",,,"undefined","undefined","undefined","undefined","undefined","undefined","2025-09-23T15:04:43.085Z","2025-09-23T15:04:53.660Z",10.57,10.57
4,"2025-09-23T15:05:15.769Z",1,"Aditya Saha","aditya358@gmail.com",7180,"4jfo2a","undefined",,,"https://aiskillshouse.com/student/qr-mediator.html?uid=50&promptId=16","undefined","undefined","undefined","undefined","undefined","undefined","undefined","undefined",,,"undefined",,,"undefined","undefined","undefined","undefined","undefined","undefined","2025-09-23T15:05:05.188Z","2025-09-23T15:05:15.769Z",10.58,10.58
5,"2025-09-23T15:05:57.600Z",1,"Preeti Patel","preeti542@gmail.com",3004,"yqqbvs","undefined",,,"https://aiskillshouse.com/student/qr-mediator.html?uid=50&promptId=15","undefined","undefined","undefined","undefined","undefined","undefined","undefined","undefined",,,"undefined",,,"undefined","undefined","undefined","undefined","undefined","undefined","2025-09-23T15:05:23.036Z","2025-09-23T15:05:57.600Z",34.56,34.56
6,"2025-09-23T15:06:19.727Z",1,"Lalita Sarkar","lalita594@gmail.com",6258,"etn2pt","undefined",,,"https://aiskillshouse.com/student/qr-mediator.html?uid=4620&promptId=17","undefined","undefined","undefined","undefined","undefined","undefined","undefined","undefined",,,"undefined",,,"undefined","undefined","undefined","undefined","undefined","undefined","2025-09-23T15:06:09.304Z","2025-09-23T15:06:19.727Z",10.42,10.42
7,"2025-09-23T15:07:02.412Z",1,"Mamta Kumar","mamta575@gmail.com",8873,"lsxoj4","undefined",,,"https://aiskillshouse.com/student/qr-mediator.html?uid=4620&promptId=16","undefined","undefined","undefined","undefined","undefined","undefined","undefined","undefined",,,"undefined",,,"undefined","undefined","undefined","undefined","undefined","undefined","2025-09-23T15:06:27.554Z","2025-09-23T15:07:02.412Z",34.86,34.86
8,"2025-09-23T15:07:19.413Z",1,"Anil Joshi","anil604@gmail.com",5243,"7y0919","undefined",,,"https://aiskillshouse.com/student/qr-mediator.html?uid=4620&promptId=15","undefined","undefined","undefined","undefined","undefined","undefined","undefined","undefined",,,"undefined",,,"undefined","undefined","undefined","undefined","undefined","undefined","2025-09-23T15:07:08.253Z","2025-09-23T15:07:19.413Z",11.16,11.16
9,"2025-09-23T15:07:49.922Z",1,"Aditya Mishra","aditya472@gmail.com",6723,"b4z1fi","undefined",,,"https://aiskillshouse.com/student/qr-mediator.html?uid=4620&promptId=14","undefined","undefined","undefined","undefined","undefined","undefined","undefined","undefined",,,"undefined",,,"undefined","undefined","undefined","undefined","undefined","undefined","2025-09-23T15:07:38.622Z","2025-09-23T15:07:49.922Z",11.3,11.30
10,"2025-09-23T15:08:15.170Z",1,"Akash Aggarwal","akash707@gmail.com",3410,"e2xtbn","undefined",,,"https://aiskillshouse.com/student/qr-mediator.html?uid=4620&promptId=13","undefined","undefined","undefined","undefined","undefined","undefined","undefined","undefined",,,"undefined",,,"undefined","undefined","undefined","undefined","undefined","undefined","2025-09-23T15:08:04.576Z","2025-09-23T15:08:15.170Z",10.59,10.59
11,"2025-09-23T15:09:10.848Z",1,"Madhuri Gupta","madhuri605@gmail.com",9867,"4l7u64","undefined",,,"https://aiskillshouse.com/student/qr-mediator.html?uid=50&promptId=17","undefined","undefined","undefined","undefined","undefined","undefined","undefined","undefined",,,"undefined",,,"undefined","undefined","undefined","undefined","undefined","undefined","2025-09-23T15:09:00.334Z","2025-09-23T15:09:10.848Z",10.51,10.51
12,"2025-09-23T15:09:41.155Z",1,"Neha Modi","neha603@gmail.com",5543,"p3g4bs","undefined",,,"https://aiskillshouse.com/student/qr-mediator.html?uid=50&promptId=13","undefined","undefined","undefined","undefined","undefined","undefined","undefined","undefined",,,"undefined",,,"undefined","undefined","undefined","undefined","undefined","undefined","2025-09-23T15:09:30.903Z","2025-09-23T15:09:41.155Z",10.25,10.25
13,"2025-09-23T15:10:26.624Z",1,"Pankaj Tiwari","pankaj578@gmail.com",6400,"1g6jvj","undefined",,,"https://aiskillshouse.com/student/qr-mediator.html?uid=50&promptId=14","undefined","undefined","undefined","undefined","undefined","undefined","undefined","undefined",,,"undefined",,,"undefined","undefined","undefined","undefined","undefined","undefined","2025-09-23T15:09:52.017Z","2025-09-23T15:10:26.624Z",34.61,34.61
14,"2025-09-23T15:10:44.607Z",1,"Vishal Dutta","vishal975@gmail.com",6860,"u0r72u","undefined",,,"https://aiskillshouse.com/student/qr-mediator.html?uid=50&promptId=16","undefined","undefined","undefined","undefined","undefined","undefined","undefined","undefined",,,"undefined",,,"undefined","undefined","undefined","undefined","undefined","undefined","2025-09-23T15:10:34.504Z","2025-09-23T15:10:44.607Z",10.1,10.10
15,"2025-09-23T15:11:11.516Z",1,"Pankaj Mittal","pankaj74@gmail.com",8952,"urayt7","undefined",,,"https://aiskillshouse.com/student/qr-mediator.html?uid=50&promptId=15","undefined","undefined","undefined","undefined","undefined","undefined","undefined","undefined",,,"undefined",,,"undefined","undefined","undefined","undefined","undefined","undefined","2025-09-23T15:11:01.333Z","2025-09-23T15:11:11.516Z",10.18,10.18
16,"2025-09-23T15:11:27.637Z",1,"Usha Kothari","usha312@gmail.com",2393,"90l2ab","undefined",,,"https://aiskillshouse.com/student/qr-mediator.html?uid=4620&promptId=17","undefined","undefined","undefined","undefined","undefined","undefined","undefined","undefined",,,"undefined",,,"undefined","undefined","undefined","undefined","undefined","undefined","2025-09-23T15:11:17.482Z","2025-09-23T15:11:27.637Z",10.15,10.15
17,"2025-09-23T15:11:49.123Z",1,"Hemant Saha","hemant631@gmail.com",4646,"yvcufg","undefined",,,"https://aiskillshouse.com/student/qr-mediator.html?uid=4620&promptId=16","undefined","undefined","undefined","undefined","undefined","undefined","undefined","undefined",,,"undefined",,,"undefined","undefined","undefined","undefined","undefined","undefined","2025-09-23T15:11:39.044Z","2025-09-23T15:11:49.123Z",10.08,10.08
18,"2025-09-23T15:12:18.378Z",1,"Vandana Yadav","vandana367@gmail.com",4235,"s0dbx2","undefined",,,"https://aiskillshouse.com/student/qr-mediator.html?uid=4620&promptId=15","undefined","undefined","undefined","undefined","undefined","undefined","undefined","undefined",,,"undefined",,,"undefined","undefined","undefined","undefined","undefined","undefined","2025-09-23T15:12:08.174Z","2025-09-23T15:12:18.378Z",10.2,10.20
19,"2025-09-23T15:12:35.554Z",1,"Swati Kothari","swati513@gmail.com",8949,"nds1t3","undefined",,,"https://aiskillshouse.com/student/qr-mediator.html?uid=4620&promptId=14","undefined","undefined","undefined","undefined","undefined","undefined","undefined","undefined",,,"undefined",,,"undefined","undefined","undefined","undefined","undefined","undefined","2025-09-23T15:12:25.010Z","2025-09-23T15:12:35.554Z",10.54,10.54
20,"2025-09-23T15:12:51.871Z",1,"Bharti Thakkar","bharti172@gmail.com",4357,"l5gtu2","undefined",,,"https://aiskillshouse.com/student/qr-mediator.html?uid=4620&promptId=13","undefined","undefined","undefined","undefined","undefined","undefined","undefined","undefined",,,"undefined",,,"undefined","undefined","undefined","undefined","undefined","undefined","2025-09-23T15:12:41.495Z","2025-09-23T15:12:51.871Z",10.38,10.38
21,"2025-09-23T15:13:53.378Z",1,"Manish Krishnan","manish641@gmail.com",6690,"hz1fah","undefined",,,"https://aiskillshouse.com/student/qr-mediator.html?uid=50&promptId=17","undefined","undefined","undefined","undefined","undefined","undefined","undefined","undefined",,,"undefined",,,"undefined","undefined","undefined","undefined","undefined","undefined","2025-09-23T15:13:42.458Z","2025-09-23T15:13:53.378Z",10.92,10.92
22,"2025-09-23T15:14:39.850Z",1,"Sandeep Joshi","sandeep635@gmail.com",3130,"jeosb3","undefined",,,"https://aiskillshouse.com/student/qr-mediator.html?uid=50&promptId=13","undefined","undefined","undefined","undefined","undefined","undefined","undefined","undefined",,,"undefined",,,"undefined","undefined","undefined","undefined","undefined","undefined","2025-09-23T15:14:05.191Z","2025-09-23T15:14:39.850Z",34.66,34.66
23,"2025-09-23T15:15:00.759Z",1,"Hemlata Iyer","hemlata886@gmail.com",8751,"fypcit","undefined",,,"https://aiskillshouse.com/student/qr-mediator.html?uid=50&promptId=14","undefined","undefined","undefined","undefined","undefined","undefined","undefined","undefined",,,"undefined",,,"undefined","undefined","undefined","undefined","undefined","undefined","2025-09-23T15:14:50.613Z","2025-09-23T15:15:00.759Z",10.15,10.15
24,"2025-09-23T15:15:20.933Z",1,"Hemlata Vora","hemlata887@gmail.com",7471,"hvne2h","undefined",,,"https://aiskillshouse.com/student/qr-mediator.html?uid=50&promptId=16","undefined","undefined","undefined","undefined","undefined","undefined","undefined","undefined",,,"undefined",,,"undefined","undefined","undefined","undefined","undefined","undefined","2025-09-23T15:15:10.729Z","2025-09-23T15:15:20.933Z",10.2,10.20
25,"2025-09-23T15:15:47.636Z",1,"Praveen Patel","praveen730@gmail.com",6898,"9p6ovv","undefined",,,"https://aiskillshouse.com/student/qr-mediator.html?uid=50&promptId=15","undefined","undefined","undefined","undefined","undefined","undefined","undefined","undefined",,,"undefined",,,"undefined","undefined","undefined","undefined","undefined","undefined","2025-09-23T15:15:36.646Z","2025-09-23T15:15:47.636Z",10.99,10.99
26,"2025-09-23T15:16:07.711Z",1,"Tarun Menon","tarun228@gmail.com",8011,"e1axqo","undefined",,,"https://aiskillshouse.com/student/qr-mediator.html?uid=4620&promptId=17","undefined","undefined","undefined","undefined","undefined","undefined","undefined","undefined",,,"undefined",,,"undefined","undefined","undefined","undefined","undefined","undefined","2025-09-23T15:15:55.629Z","2025-09-23T15:16:07.711Z",12.08,12.08
27,"2025-09-23T15:16:34.213Z",1,"Divya Joshi","divya331@gmail.com",8701,"4wn24v","undefined",,,"https://aiskillshouse.com/student/qr-mediator.html?uid=4620&promptId=16","undefined","undefined","undefined","undefined","undefined","undefined","undefined","undefined",,,"undefined",,,"undefined","undefined","undefined","undefined","undefined","undefined","2025-09-23T15:16:22.977Z","2025-09-23T15:16:34.213Z",11.24,11.24
28,"2025-09-23T15:16:59.275Z",1,"Kavya Chawla","kavya7@gmail.com",7561,"bwi1xu","undefined",,,"https://aiskillshouse.com/student/qr-mediator.html?uid=4620&promptId=15","undefined","undefined","undefined","undefined","undefined","undefined","undefined","undefined",,,"undefined",,,"undefined","undefined","undefined","undefined","undefined","undefined","2025-09-23T15:16:49.159Z","2025-09-23T15:16:59.275Z",10.12,10.12
29,"2025-09-23T15:17:17.324Z",1,"Pallavi Saxena","pallavi124@gmail.com",6315,"zfrf3w","undefined",,,"https://aiskillshouse.com/student/qr-mediator.html?uid=4620&promptId=14","undefined","undefined","undefined","undefined","undefined","undefined","undefined","undefined",,,"undefined",,,"undefined","undefined","undefined","undefined","undefined","undefined","2025-09-23T15:17:06.679Z","2025-09-23T15:17:17.324Z",10.64,10.64
30,"2025-09-23T15:17:43.306Z",1,"Vandana Dalal","vandana381@gmail.com",8905,"rjhjjc","undefined",,,"https://aiskillshouse.com/student/qr-mediator.html?uid=4620&promptId=13","undefined","undefined","undefined","undefined","undefined","undefined","undefined","undefined",,,"undefined",,,"undefined","undefined","undefined","undefined","undefined","undefined","2025-09-23T15:17:32.630Z","2025-09-23T15:17:43.306Z",10.68,10.68
31,"2025-09-23T15:18:32.069Z",1,"Meera Goyal","meera128@gmail.com",4742,"0tx4ea","undefined",,,"https://aiskillshouse.com/student/qr-mediator.html?uid=50&promptId=17","undefined","undefined","undefined","undefined","undefined","undefined","undefined","undefined",,,"undefined",,,"undefined","undefined","undefined","undefined","undefined","undefined","2025-09-23T15:18:21.607Z","2025-09-23T15:18:32.069Z",10.46,10.46
32,"2025-09-23T15:18:55.387Z",1,"Vidya Bhatt","vidya469@gmail.com",6139,"ge8had","undefined",,,"https://aiskillshouse.com/student/qr-mediator.html?uid=50&promptId=13","undefined","undefined","undefined","undefined","undefined","undefined","undefined","undefined",,,"undefined",,,"undefined","undefined","undefined","undefined","undefined","undefined","2025-09-23T15:18:44.979Z","2025-09-23T15:18:55.387Z",10.41,10.41
33,"2025-09-23T15:19:12.145Z",1,"Ekta Pandya","ekta86@gmail.com",4724,"98uaz0","undefined",,,"https://aiskillshouse.com/student/qr-mediator.html?uid=50&promptId=14","undefined","undefined","undefined","undefined","undefined","undefined","undefined","undefined",,,"undefined",,,"undefined","undefined","undefined","undefined","undefined","undefined","2025-09-23T15:19:01.054Z","2025-09-23T15:19:12.145Z",11.09,11.09
34,"2025-09-23T15:19:33.853Z",1,"Rina Bajaj","rina359@gmail.com",3574,"iedjbq","undefined",,,"https://aiskillshouse.com/student/qr-mediator.html?uid=50&promptId=16","undefined","undefined","undefined","undefined","undefined","undefined","undefined","undefined",,,"undefined",,,"undefined","undefined","undefined","undefined","undefined","undefined","2025-09-23T15:19:22.895Z","2025-09-23T15:19:33.853Z",10.96,10.96
35,"2025-09-23T15:20:02.234Z",1,"Mamta Desai","mamta608@gmail.com",1603,"ry1n0w","undefined",,,"https://aiskillshouse.com/student/qr-mediator.html?uid=50&promptId=15","undefined","undefined","undefined","undefined","undefined","undefined","undefined","undefined",,,"undefined",,,"undefined","undefined","undefined","undefined","undefined","undefined","2025-09-23T15:19:51.336Z","2025-09-23T15:20:02.234Z",10.9,10.90
36,"2025-09-23T15:20:31.833Z",1,"Ankit Kamath","ankit771@gmail.com",5454,"nmf13o","undefined",,,"https://aiskillshouse.com/student/qr-mediator.html?uid=4620&promptId=17","undefined","undefined","undefined","undefined","undefined","undefined","undefined","undefined",,,"undefined",,,"undefined","undefined","undefined","undefined","undefined","undefined","2025-09-23T15:20:21.590Z","2025-09-23T15:20:31.833Z",10.24,10.24
37,"2025-09-23T15:20:52.061Z",1,"Anita Parikh","anita42@gmail.com",2449,"e2g7jr","undefined",,,"https://aiskillshouse.com/student/qr-mediator.html?uid=4620&promptId=16","undefined","undefined","undefined","undefined","undefined","undefined","undefined","undefined",,,"undefined",,,"undefined","undefined","undefined","undefined","undefined","undefined","2025-09-23T15:20:41.630Z","2025-09-23T15:20:52.061Z",10.43,10.43
38,"2025-09-23T15:21:18.719Z",1,"Yash Oberoi","yash555@gmail.com",3840,"8kkotu","undefined",,,"https://aiskillshouse.com/student/qr-mediator.html?uid=4620&promptId=15","undefined","undefined","undefined","undefined","undefined","undefined","undefined","undefined",,,"undefined",,,"undefined","undefined","undefined","undefined","undefined","undefined","2025-09-23T15:21:08.307Z","2025-09-23T15:21:18.719Z",10.41,10.41
39,"2025-09-23T15:21:47.583Z",1,"Deepak Murthy","deepak571@gmail.com",5821,"d5q5bb","undefined",,,"https://aiskillshouse.com/student/qr-mediator.html?uid=4620&promptId=14","undefined","undefined","undefined","undefined","undefined","undefined","undefined","undefined",,,"undefined",,,"undefined","undefined","undefined","undefined","undefined","undefined","2025-09-23T15:21:37.289Z","2025-09-23T15:21:47.583Z",10.29,10.29
40,"2025-09-23T15:22:04.858Z",1,"Jyoti Deshpande","jyoti134@gmail.com",6804,"9anax1","undefined",,,"https://aiskillshouse.com/student/qr-mediator.html?uid=4620&promptId=13","undefined","undefined","undefined","undefined","undefined","undefined","undefined","undefined",,,"undefined",,,"undefined","undefined","undefined","undefined","undefined","undefined","2025-09-23T15:21:54.735Z","2025-09-23T15:22:04.858Z",10.12,10.12
41,"2025-09-23T15:22:55.283Z",1,"Divya Agarwal","divya515@gmail.com",6391,"c7883b","undefined",,,"https://aiskillshouse.com/student/qr-mediator.html?uid=50&promptId=17","undefined","undefined","undefined","undefined","undefined","undefined","undefined","undefined",,,"undefined",,,"undefined","undefined","undefined","undefined","undefined","undefined","2025-09-23T15:22:44.734Z","2025-09-23T15:22:55.283Z",10.55,10.55
42,"2025-09-23T15:23:22.592Z",1,"Archana Das","archana475@gmail.com",3221,"92obik","undefined",,,"https://aiskillshouse.com/student/qr-mediator.html?uid=50&promptId=13","undefined","undefined","undefined","undefined","undefined","undefined","undefined","undefined",,,"undefined",,,"undefined","undefined","undefined","undefined","undefined","undefined","2025-09-23T15:23:12.362Z","2025-09-23T15:23:22.592Z",10.23,10.23
43,"2025-09-23T15:23:48.899Z",1,"Usha Singh","usha714@gmail.com",1098,"0rxtxb","undefined",,,"https://aiskillshouse.com/student/qr-mediator.html?uid=50&promptId=14","undefined","undefined","undefined","undefined","undefined","undefined","undefined","undefined",,,"undefined",,,"undefined","undefined","undefined","undefined","undefined","undefined","2025-09-23T15:23:38.742Z","2025-09-23T15:23:48.899Z",10.16,10.16
44,"2025-09-23T15:24:13.763Z",1,"Vandana Paul","vandana747@gmail.com",5571,"nhpu4o","undefined",,,"https://aiskillshouse.com/student/qr-mediator.html?uid=50&promptId=16","undefined","undefined","undefined","undefined","undefined","undefined","undefined","undefined",,,"undefined",,,"undefined","undefined","undefined","undefined","undefined","undefined","2025-09-23T15:24:03.548Z","2025-09-23T15:24:13.763Z",10.21,10.21
45,"2025-09-23T15:25:06.074Z",1,"Neha Aggarwal","neha982@gmail.com",2694,"rzg889","undefined",,,"https://aiskillshouse.com/student/qr-mediator.html?uid=50&promptId=15","undefined","undefined","undefined","undefined","undefined","undefined","undefined","undefined",,,"undefined",,,"undefined","undefined","undefined","undefined","undefined","undefined","2025-09-23T15:24:31.344Z","2025-09-23T15:25:06.074Z",34.73,34.73
46,"2025-09-23T15:25:35.511Z",1,"Vishal Gandhi","vishal352@gmail.com",3258,"joq7vr","undefined",,,"https://aiskillshouse.com/student/qr-mediator.html?uid=4620&promptId=17","undefined","undefined","undefined","undefined","undefined","undefined","undefined","undefined",,,"undefined",,,"undefined","undefined","undefined","undefined","undefined","undefined","2025-09-23T15:25:24.504Z","2025-09-23T15:25:35.511Z",11.01,11.01
47,"2025-09-23T15:26:02.172Z",1,"Rohit Khanna","rohit996@gmail.com",5251,"jbodav","undefined",,,"https://aiskillshouse.com/student/qr-mediator.html?uid=4620&promptId=16","undefined","undefined","undefined","undefined","undefined","undefined","undefined","undefined",,,"undefined",,,"undefined","undefined","undefined","undefined","undefined","undefined","2025-09-23T15:25:50.667Z","2025-09-23T15:26:02.172Z",11.51,11.51
48,"2025-09-23T15:26:30.919Z",1,"Ankit Tandon","ankit262@gmail.com",7833,"qmlxvg","undefined",,,"https://aiskillshouse.com/student/qr-mediator.html?uid=4620&promptId=15","undefined","undefined","undefined","undefined","undefined","undefined","undefined","undefined",,,"undefined",,,"undefined","undefined","undefined","undefined","undefined","undefined","2025-09-23T15:26:19.683Z","2025-09-23T15:26:30.919Z",11.24,11.24
49,"2025-09-23T15:27:23.179Z",1,"Swati Agarwal","swati656@gmail.com",5482,"qvpd79","undefined",,,"https://aiskillshouse.com/student/qr-mediator.html?uid=4620&promptId=14","undefined","undefined","undefined","undefined","undefined","undefined","undefined","undefined",,,"undefined",,,"undefined","undefined","undefined","undefined","undefined","undefined","2025-09-23T15:26:48.549Z","2025-09-23T15:27:23.179Z",34.63,34.63
50,"2025-09-23T15:27:45.917Z",1,"Bharti Sheth","bharti398@gmail.com",1520,"87lky6","undefined",,,"https://aiskillshouse.com/student/qr-mediator.html?uid=4620&promptId=13","undefined","undefined","undefined","undefined","undefined","undefined","undefined","undefined",,,"undefined",,,"undefined","undefined","undefined","undefined","undefined","undefined","2025-09-23T15:27:35.328Z","2025-09-23T15:27:45.917Z",10.59,10.59
51,"2025-09-23T15:28:39.585Z",1,"Aarti Malhotra","aarti736@gmail.com",7512,"r0s33e","undefined",,,"https://aiskillshouse.com/student/qr-mediator.html?uid=50&promptId=17","undefined","undefined","undefined","undefined","undefined","undefined","undefined","undefined",,,"undefined",,,"undefined","undefined","undefined","undefined","undefined","undefined","2025-09-23T15:28:29.321Z","2025-09-23T15:28:39.585Z",10.26,10.26
52,"2025-09-23T15:29:04.328Z",1,"Rachna Chandra","rachna239@gmail.com",1013,"xjy99g","undefined",,,"https://aiskillshouse.com/student/qr-mediator.html?uid=50&promptId=13","undefined","undefined","undefined","undefined","undefined","undefined","undefined","undefined",,,"undefined",,,"undefined","undefined","undefined","undefined","undefined","undefined","2025-09-23T15:28:54.164Z","2025-09-23T15:29:04.328Z",10.16,10.16
53,"2025-09-23T15:29:24.612Z",1,"Sarita Chokshi","sarita905@gmail.com",9687,"rlkpwj","undefined",,,"https://aiskillshouse.com/student/qr-mediator.html?uid=50&promptId=14","undefined","undefined","undefined","undefined","undefined","undefined","undefined","undefined",,,"undefined",,,"undefined","undefined","undefined","undefined","undefined","undefined","2025-09-23T15:29:13.472Z","2025-09-23T15:29:24.612Z",11.14,11.14
54,"2025-09-23T15:29:43.808Z",1,"Aman Ganguly","aman348@gmail.com",3606,"iypmus","undefined",,,"https://aiskillshouse.com/student/qr-mediator.html?uid=50&promptId=16","undefined","undefined","undefined","undefined","undefined","undefined","undefined","undefined",,,"undefined",,,"undefined","undefined","undefined","undefined","undefined","undefined","2025-09-23T15:29:33.236Z","2025-09-23T15:29:43.808Z",10.57,10.57
55,"2025-09-23T15:30:03.532Z",1,"Sapna Raval","sapna841@gmail.com",3234,"ilwcw7","undefined",,,"https://aiskillshouse.com/student/qr-mediator.html?uid=50&promptId=15","undefined","undefined","undefined","undefined","undefined","undefined","undefined","undefined",,,"undefined",,,"undefined","undefined","undefined","undefined","undefined","undefined","2025-09-23T15:29:53.378Z","2025-09-23T15:30:03.532Z",10.15,10.15
56,"2025-09-23T15:30:23.945Z",1,"Mohan Joshi","mohan608@gmail.com",2409,"wpuqdf","undefined",,,"https://aiskillshouse.com/student/qr-mediator.html?uid=4620&promptId=17","undefined","undefined","undefined","undefined","undefined","undefined","undefined","undefined",,,"undefined",,,"undefined","undefined","undefined","undefined","undefined","undefined","2025-09-23T15:30:13.290Z","2025-09-23T15:30:23.945Z",10.65,10.65
57,"2025-09-23T15:30:51.864Z",1,"Swati Kamath","swati929@gmail.com",2279,"rjfkta","undefined",,,"https://aiskillshouse.com/student/qr-mediator.html?uid=4620&promptId=16","undefined","undefined","undefined","undefined","undefined","undefined","undefined","undefined",,,"undefined",,,"undefined","undefined","undefined","undefined","undefined","undefined","2025-09-23T15:30:41.721Z","2025-09-23T15:30:51.864Z",10.14,10.14
58,"2025-09-23T15:31:22.219Z",1,"Radha Thakkar","radha82@gmail.com",1184,"pkvezt","undefined",,,"https://aiskillshouse.com/student/qr-mediator.html?uid=4620&promptId=15","undefined","undefined","undefined","undefined","undefined","undefined","undefined","undefined",,,"undefined",,,"undefined","undefined","undefined","undefined","undefined","undefined","2025-09-23T15:31:11.680Z","2025-09-23T15:31:22.219Z",10.54,10.54
59,"2025-09-23T15:31:53.086Z",1,"Vikram Raman","vikram81@gmail.com",7891,"y921f6","undefined",,,"https://aiskillshouse.com/student/qr-mediator.html?uid=4620&promptId=14","undefined","undefined","undefined","undefined","undefined","undefined","undefined","undefined",,,"undefined",,,"undefined","undefined","undefined","undefined","undefined","undefined","2025-09-23T15:31:40.804Z","2025-09-23T15:31:53.086Z",12.28,12.28
60,"2025-09-23T15:32:20.435Z",1,"Anita Kumar","anita378@gmail.com",8752,"aw1ig4","undefined",,,"https://aiskillshouse.com/student/qr-mediator.html?uid=4620&promptId=13","undefined","undefined","undefined","undefined","undefined","undefined","undefined","undefined",,,"undefined",,,"undefined","undefined","undefined","undefined","undefined","undefined","2025-09-23T15:32:08.890Z","2025-09-23T15:32:20.435Z",11.54,11.54
61,"2025-09-23T15:33:21.007Z",1,"Naveen Nair","naveen115@gmail.com",5478,"rysfdq","undefined",,,"https://aiskillshouse.com/student/qr-mediator.html?uid=50&promptId=17","undefined","undefined","undefined","undefined","undefined","undefined","undefined","undefined",,,"undefined",,,"undefined","undefined","undefined","undefined","undefined","undefined","2025-09-23T15:33:10.606Z","2025-09-23T15:33:21.007Z",10.4,10.40
62,"2025-09-23T15:33:39.889Z",1,"Priya Roy","priya338@gmail.com",3501,"51vaa6","undefined",,,"https://aiskillshouse.com/student/qr-mediator.html?uid=50&promptId=13","undefined","undefined","undefined","undefined","undefined","undefined","undefined","undefined",,,"undefined",,,"undefined","undefined","undefined","undefined","undefined","undefined","2025-09-23T15:33:28.430Z","2025-09-23T15:33:39.889Z",11.46,11.46
63,"2025-09-23T15:34:00.381Z",1,"Alka Chowdhury","alka97@gmail.com",6720,"i3l0hf","undefined",,,"https://aiskillshouse.com/student/qr-mediator.html?uid=50&promptId=14","undefined","undefined","undefined","undefined","undefined","undefined","undefined","undefined",,,"undefined",,,"undefined","undefined","undefined","undefined","undefined","undefined","2025-09-23T15:33:50.030Z","2025-09-23T15:34:00.381Z",10.35,10.35
64,"2025-09-23T15:34:23.482Z",1,"Rajesh Mukherjee","rajesh345@gmail.com",7417,"y8iufr","undefined",,,"https://aiskillshouse.com/student/qr-mediator.html?uid=50&promptId=16","undefined","undefined","undefined","undefined","undefined","undefined","undefined","undefined",,,"undefined",,,"undefined","undefined","undefined","undefined","undefined","undefined","2025-09-23T15:34:13.114Z","2025-09-23T15:34:23.482Z",10.37,10.37
65,"2025-09-23T15:34:48.396Z",1,"Aman Subramanian","aman612@gmail.com",3641,"ky2eoy","undefined",,,"https://aiskillshouse.com/student/qr-mediator.html?uid=50&promptId=15","undefined","undefined","undefined","undefined","undefined","undefined","undefined","undefined",,,"undefined",,,"undefined","undefined","undefined","undefined","undefined","undefined","2025-09-23T15:34:37.901Z","2025-09-23T15:34:48.396Z",10.49,10.49
66,"2025-09-23T15:35:11.621Z",1,"Naveen Roy","naveen891@gmail.com",7645,"408v3p","undefined",,,"https://aiskillshouse.com/student/qr-mediator.html?uid=4620&promptId=17","undefined","undefined","undefined","undefined","undefined","undefined","undefined","undefined",,,"undefined",,,"undefined","undefined","undefined","undefined","undefined","undefined","2025-09-23T15:35:01.442Z","2025-09-23T15:35:11.621Z",10.18,10.18
67,"2025-09-23T15:35:28.946Z",1,"Sandeep Thakkar","sandeep632@gmail.com",7245,"sle39f","undefined",,,"https://aiskillshouse.com/student/qr-mediator.html?uid=4620&promptId=16","undefined","undefined","undefined","undefined","undefined","undefined","undefined","undefined",,,"undefined",,,"undefined","undefined","undefined","undefined","undefined","undefined","2025-09-23T15:35:18.725Z","2025-09-23T15:35:28.946Z",10.22,10.22
68,"2025-09-23T15:35:56.100Z",1,"Suresh Shenoy","suresh428@gmail.com",3414,"rj680a","undefined",,,"https://aiskillshouse.com/student/qr-mediator.html?uid=4620&promptId=15","undefined","undefined","undefined","undefined","undefined","undefined","undefined","undefined",,,"undefined",,,"undefined","undefined","undefined","undefined","undefined","undefined","2025-09-23T15:35:45.607Z","2025-09-23T15:35:56.100Z",10.49,10.49
69,"2025-09-23T15:36:15.373Z",1,"Suresh Bhardwaj","suresh439@gmail.com",4425,"1n1wc8","undefined",,,"https://aiskillshouse.com/student/qr-mediator.html?uid=4620&promptId=14","undefined","undefined","undefined","undefined","undefined","undefined","undefined","undefined",,,"undefined",,,"undefined","undefined","undefined","undefined","undefined","undefined","2025-09-23T15:36:05.209Z","2025-09-23T15:36:15.373Z",10.16,10.16
70,"2025-09-23T15:36:42.956Z",1,"Ashok Goyal","ashok808@gmail.com",2865,"7y1yaa","undefined",,,"https://aiskillshouse.com/student/qr-mediator.html?uid=4620&promptId=13","undefined","undefined","undefined","undefined","undefined","undefined","undefined","undefined",,,"undefined",,,"undefined","undefined","undefined","undefined","undefined","undefined","2025-09-23T15:36:32.400Z","2025-09-23T15:36:42.956Z",10.56,10.56
71,"2025-09-23T15:37:59.407Z",1,"Rekha Zaveri","rekha418@gmail.com",7993,"l68kfi","undefined",,,"https://aiskillshouse.com/student/qr-mediator.html?uid=50&promptId=17","undefined","undefined","undefined","undefined","undefined","undefined","undefined","undefined",,,"undefined",,,"undefined","undefined","undefined","undefined","undefined","undefined","2025-09-23T15:37:24.790Z","2025-09-23T15:37:59.407Z",34.62,34.62
72,"2025-09-23T15:38:15.161Z",1,"Naveen Pandey","naveen529@gmail.com",7586,"puuqrj","undefined",,,"https://aiskillshouse.com/student/qr-mediator.html?uid=50&promptId=13","undefined","undefined","undefined","undefined","undefined","undefined","undefined","undefined",,,"undefined",,,"undefined","undefined","undefined","undefined","undefined","undefined","2025-09-23T15:38:04.996Z","2025-09-23T15:38:15.161Z",10.16,10.16
73,"2025-09-23T15:38:47.129Z",1,"Anita Ghosh","anita322@gmail.com",7909,"bzqftx","undefined",,,"https://aiskillshouse.com/student/qr-mediator.html?uid=50&promptId=14","undefined","undefined","undefined","undefined","undefined","undefined","undefined","undefined",,,"undefined",,,"undefined","undefined","undefined","undefined","undefined","undefined","2025-09-23T15:38:35.152Z","2025-09-23T15:38:47.129Z",11.98,11.98
74,"2025-09-23T15:39:12.509Z",1,"Sanjay Rao","sanjay220@gmail.com",5560,"386tz3","undefined",,,"https://aiskillshouse.com/student/qr-mediator.html?uid=50&promptId=16","undefined","undefined","undefined","undefined","undefined","undefined","undefined","undefined",,,"undefined",,,"undefined","undefined","undefined","undefined","undefined","undefined","2025-09-23T15:39:01.115Z","2025-09-23T15:39:12.509Z",11.39,11.39
75,"2025-09-23T15:39:43.931Z",1,"Anil Mitra","anil937@gmail.com",5363,"8xhiou","undefined",,,"https://aiskillshouse.com/student/qr-mediator.html?uid=50&promptId=15","undefined","undefined","undefined","undefined","undefined","undefined","undefined","undefined",,,"undefined",,,"undefined","undefined","undefined","undefined","undefined","undefined","2025-09-23T15:39:33.038Z","2025-09-23T15:39:43.931Z",10.89,10.89
76,"2025-09-23T15:40:10.581Z",1,"Geeta Jain","geeta460@gmail.com",1611,"m56i98","undefined",,,"https://aiskillshouse.com/student/qr-mediator.html?uid=4620&promptId=17","undefined","undefined","undefined","undefined","undefined","undefined","undefined","undefined",,,"undefined",,,"undefined","undefined","undefined","undefined","undefined","undefined","2025-09-23T15:40:00.380Z","2025-09-23T15:40:10.581Z",10.2,10.20
77,"2025-09-23T15:40:56.370Z",1,"Rina Mazumdar","rina340@gmail.com",6162,"od8156","undefined",,,"https://aiskillshouse.com/student/qr-mediator.html?uid=4620&promptId=16","undefined","undefined","undefined","undefined","undefined","undefined","undefined","undefined",,,"undefined",,,"undefined","undefined","undefined","undefined","undefined","undefined","2025-09-23T15:40:22.045Z","2025-09-23T15:40:56.370Z",34.33,34.33
78,"2025-09-23T15:41:15.690Z",1,"Yamini Rao","yamini112@gmail.com",2940,"g464x6","undefined",,,"https://aiskillshouse.com/student/qr-mediator.html?uid=4620&promptId=15","undefined","undefined","undefined","undefined","undefined","undefined","undefined","undefined",,,"undefined",,,"undefined","undefined","undefined","undefined","undefined","undefined","2025-09-23T15:41:05.340Z","2025-09-23T15:41:15.690Z",10.35,10.35
79,"2025-09-23T15:41:40.517Z",1,"Archana Shah","archana343@gmail.com",3326,"jeigcv","undefined",,,"https://aiskillshouse.com/student/qr-mediator.html?uid=4620&promptId=14","undefined","undefined","undefined","undefined","undefined","undefined","undefined","undefined",,,"undefined",,,"undefined","undefined","undefined","undefined","undefined","undefined","2025-09-23T15:41:29.966Z","2025-09-23T15:41:40.517Z",10.55,10.55
80,"2025-09-23T15:42:08.266Z",1,"Shreya Mazumdar","shreya772@gmail.com",3756,"s9rdca","undefined",,,"https://aiskillshouse.com/student/qr-mediator.html?uid=4620&promptId=13","undefined","undefined","undefined","undefined","undefined","undefined","undefined","undefined",,,"undefined",,,"undefined","undefined","undefined","undefined","undefined","undefined","2025-09-23T15:41:58.093Z","2025-09-23T15:42:08.266Z",10.17,10.17
81,"2025-09-23T15:42:55.781Z",1,"Pallavi Vohra","pallavi522@gmail.com",4994,"rzmiwx","undefined",,,"https://aiskillshouse.com/student/qr-mediator.html?uid=50&promptId=17","undefined","undefined","undefined","undefined","undefined","undefined","undefined","undefined",,,"undefined",,,"undefined","undefined","undefined","undefined","undefined","undefined","2025-09-23T15:42:45.448Z","2025-09-23T15:42:55.781Z",10.33,10.33
82,"2025-09-23T15:43:43.391Z",1,"Shreya Pal","shreya714@gmail.com",8126,"ysqfv6","undefined",,,"https://aiskillshouse.com/student/qr-mediator.html?uid=50&promptId=13","undefined","undefined","undefined","undefined","undefined","undefined","undefined","undefined",,,"undefined",,,"undefined","undefined","undefined","undefined","undefined","undefined","2025-09-23T15:43:08.654Z","2025-09-23T15:43:43.391Z",34.74,34.74
83,"2025-09-23T15:44:03.365Z",1,"Priya Shenoy","priya795@gmail.com",4053,"rjjr8y","undefined",,,"https://aiskillshouse.com/student/qr-mediator.html?uid=50&promptId=14","undefined","undefined","undefined","undefined","undefined","undefined","undefined","undefined",,,"undefined",,,"undefined","undefined","undefined","undefined","undefined","undefined","2025-09-23T15:43:53.336Z","2025-09-23T15:44:03.365Z",10.03,10.03
84,"2025-09-23T15:44:20.922Z",1,"Alka Deshpande","alka256@gmail.com",8995,"dt64a0","undefined",,,"https://aiskillshouse.com/student/qr-mediator.html?uid=50&promptId=16","undefined","undefined","undefined","undefined","undefined","undefined","undefined","undefined",,,"undefined",,,"undefined","undefined","undefined","undefined","undefined","undefined","2025-09-23T15:44:09.896Z","2025-09-23T15:44:20.922Z",11.03,11.03
85,"2025-09-23T15:44:39.805Z",1,"Shreya Bansal","shreya9@gmail.com",7120,"hud0x8","undefined",,,"https://aiskillshouse.com/student/qr-mediator.html?uid=50&promptId=15","undefined","undefined","undefined","undefined","undefined","undefined","undefined","undefined",,,"undefined",,,"undefined","undefined","undefined","undefined","undefined","undefined","2025-09-23T15:44:28.653Z","2025-09-23T15:44:39.805Z",11.15,11.15
86,"2025-09-23T15:45:02.597Z",1,"Devesh Mukherjee","devesh419@gmail.com",7301,"wihll3","undefined",,,"https://aiskillshouse.com/student/qr-mediator.html?uid=4620&promptId=17","undefined","undefined","undefined","undefined","undefined","undefined","undefined","undefined",,,"undefined",,,"undefined","undefined","undefined","undefined","undefined","undefined","2025-09-23T15:44:49.380Z","2025-09-23T15:45:02.596Z",13.22,13.22
87,"2025-09-23T15:45:32.530Z",1,"Anil Kamath","anil41@gmail.com",1294,"v37ukf","undefined",,,"https://aiskillshouse.com/student/qr-mediator.html?uid=4620&promptId=16","undefined","undefined","undefined","undefined","undefined","undefined","undefined","undefined",,,"undefined",,,"undefined","undefined","undefined","undefined","undefined","undefined","2025-09-23T15:45:22.207Z","2025-09-23T15:45:32.529Z",10.32,10.32
88,"2025-09-23T15:45:53.701Z",1,"Anita Modi","anita249@gmail.com",7810,"6rkazh","undefined",,,"https://aiskillshouse.com/student/qr-mediator.html?uid=4620&promptId=15","undefined","undefined","undefined","undefined","undefined","undefined","undefined","undefined",,,"undefined",,,"undefined","undefined","undefined","undefined","undefined","undefined","2025-09-23T15:45:43.576Z","2025-09-23T15:45:53.701Z",10.13,10.13
89,"2025-09-23T15:46:19.451Z",1,"Manoj Bhat","manoj426@gmail.com",7009,"x0peee","undefined",,,"https://aiskillshouse.com/student/qr-mediator.html?uid=4620&promptId=14","undefined","undefined","undefined","undefined","undefined","undefined","undefined","undefined",,,"undefined",,,"undefined","undefined","undefined","undefined","undefined","undefined","2025-09-23T15:46:09.203Z","2025-09-23T15:46:19.451Z",10.25,10.25
90,"2025-09-23T15:47:13.077Z",1,"Aman Menon","aman901@gmail.com",7348,"y7b35w","undefined",,,"https://aiskillshouse.com/student/qr-mediator.html?uid=4620&promptId=13","undefined","undefined","undefined","undefined","undefined","undefined","undefined","undefined",,,"undefined",,,"undefined","undefined","undefined","undefined","undefined","undefined","2025-09-23T15:46:38.396Z","2025-09-23T15:47:13.077Z",34.68,34.68
91,"2025-09-23T15:48:04.702Z",1,"Ajay Mukherjee","ajay446@gmail.com",9421,"10kps8","undefined",,,"https://aiskillshouse.com/student/qr-mediator.html?uid=50&promptId=17","undefined","undefined","undefined","undefined","undefined","undefined","undefined","undefined",,,"undefined",,,"undefined","undefined","undefined","undefined","undefined","undefined","2025-09-23T15:47:54.353Z","2025-09-23T15:48:04.702Z",10.35,10.35
92,"2025-09-23T15:48:56.349Z",1,"Devesh Dutta","devesh876@gmail.com",4464,"lu1wm6","undefined",,,"https://aiskillshouse.com/student/qr-mediator.html?uid=50&promptId=13","undefined","undefined","undefined","undefined","undefined","undefined","undefined","undefined",,,"undefined",,,"undefined","undefined","undefined","undefined","undefined","undefined","2025-09-23T15:48:21.733Z","2025-09-23T15:48:56.349Z",34.62,34.62
93,"2025-09-23T15:49:15.912Z",1,"Sanjay Oberoi","sanjay467@gmail.com",1367,"ltb5hm","undefined",,,"https://aiskillshouse.com/student/qr-mediator.html?uid=50&promptId=14","undefined","undefined","undefined","undefined","undefined","undefined","undefined","undefined",,,"undefined",,,"undefined","undefined","undefined","undefined","undefined","undefined","2025-09-23T15:49:05.491Z","2025-09-23T15:49:15.912Z",10.42,10.42
94,"2025-09-23T15:49:44.507Z",1,"Akash Gandhi","akash317@gmail.com",9514,"bw1lh7","undefined",,,"https://aiskillshouse.com/student/qr-mediator.html?uid=50&promptId=16","undefined","undefined","undefined","undefined","undefined","undefined","undefined","undefined",,,"undefined",,,"undefined","undefined","undefined","undefined","undefined","undefined","2025-09-23T15:49:33.394Z","2025-09-23T15:49:44.507Z",11.11,11.11
95,"2025-09-23T15:50:05.006Z",1,"Divya Saha","divya905@gmail.com",5422,"r5oszj","undefined",,,"https://aiskillshouse.com/student/qr-mediator.html?uid=50&promptId=15","undefined","undefined","undefined","undefined","undefined","undefined","undefined","undefined",,,"undefined",,,"undefined","undefined","undefined","undefined","undefined","undefined","2025-09-23T15:49:53.826Z","2025-09-23T15:50:05.006Z",11.18,11.18
96,"2025-09-23T15:50:24.571Z",1,"Preeti Chawla","preeti804@gmail.com",7682,"7x01nj","undefined",,,"https://aiskillshouse.com/student/qr-mediator.html?uid=4620&promptId=17","undefined","undefined","undefined","undefined","undefined","undefined","undefined","undefined",,,"undefined",,,"undefined","undefined","undefined","undefined","undefined","undefined","2025-09-23T15:50:13.510Z","2025-09-23T15:50:24.571Z",11.06,11.06
97,"2025-09-23T15:50:52.894Z",1,"Gaurav Krishnan","gaurav674@gmail.com",9249,"3ns8i6","undefined",,,"https://aiskillshouse.com/student/qr-mediator.html?uid=4620&promptId=16","undefined","undefined","undefined","undefined","undefined","undefined","undefined","undefined",,,"undefined",,,"undefined","undefined","undefined","undefined","undefined","undefined","2025-09-23T15:50:42.406Z","2025-09-23T15:50:52.894Z",10.49,10.49
98,"2025-09-23T15:51:21.595Z",1,"Rohit Goyal","rohit217@gmail.com",1654,"tz05sr","undefined",,,"https://aiskillshouse.com/student/qr-mediator.html?uid=4620&promptId=15","undefined","undefined","undefined","undefined","undefined","undefined","undefined","undefined",,,"undefined",,,"undefined","undefined","undefined","undefined","undefined","undefined","2025-09-23T15:51:11.154Z","2025-09-23T15:51:21.595Z",10.44,10.44
99,"2025-09-23T15:51:48.518Z",1,"Anjali Pal","anjali267@gmail.com",9269,"q1mvzi","undefined",,,"https://aiskillshouse.com/student/qr-mediator.html?uid=4620&promptId=14","undefined","undefined","undefined","undefined","undefined","undefined","undefined","undefined",,,"undefined",,,"undefined","undefined","undefined","undefined","undefined","undefined","2025-09-23T15:51:38.192Z","2025-09-23T15:51:48.518Z",10.33,10.33
100,"2025-09-23T15:52:19.287Z",1,"Vandana Chawla","vandana120@gmail.com",8485,"df6zm5","undefined",,,"https://aiskillshouse.com/student/qr-mediator.html?uid=4620&promptId=13","undefined","undefined","undefined","undefined","undefined","undefined","undefined","undefined",,,"undefined",,,"undefined","undefined","undefined","undefined","undefined","undefined","2025-09-23T15:52:08.744Z","2025-09-23T15:52:19.287Z",10.54,10.54
101,"2025-09-23T15:53:13.811Z",1,"Bindu Pillai","bindu826@gmail.com",6041,"x8by90","undefined",,,"https://aiskillshouse.com/student/qr-mediator.html?uid=50&promptId=17","undefined","undefined","undefined","undefined","undefined","undefined","undefined","undefined",,,"undefined",,,"undefined","undefined","undefined","undefined","undefined","undefined","2025-09-23T15:53:03.470Z","2025-09-23T15:53:13.811Z",10.34,10.34
102,"2025-09-23T15:53:35.266Z",1,"Kalpana Goyal","kalpana755@gmail.com",3996,"gkcvae","undefined",,,"https://aiskillshouse.com/student/qr-mediator.html?uid=50&promptId=13","undefined","undefined","undefined","undefined","undefined","undefined","undefined","undefined",,,"undefined",,,"undefined","undefined","undefined","undefined","undefined","undefined","2025-09-23T15:53:24.905Z","2025-09-23T15:53:35.266Z",10.36,10.36
103,"2025-09-23T15:53:54.408Z",1,"Anupam Sachdeva","anupam93@gmail.com",2351,"m42ikm","undefined",,,"https://aiskillshouse.com/student/qr-mediator.html?uid=50&promptId=14","undefined","undefined","undefined","undefined","undefined","undefined","undefined","undefined",,,"undefined",,,"undefined","undefined","undefined","undefined","undefined","undefined","2025-09-23T15:53:44.050Z","2025-09-23T15:53:54.408Z",10.36,10.36
104,"2025-09-23T15:54:20.165Z",1,"Ekta Goyal","ekta712@gmail.com",5532,"6pmd05","undefined",,,"https://aiskillshouse.com/student/qr-mediator.html?uid=50&promptId=16","undefined","undefined","undefined","undefined","undefined","undefined","undefined","undefined",,,"undefined",,,"undefined","undefined","undefined","undefined","undefined","undefined","2025-09-23T15:54:08.753Z","2025-09-23T15:54:20.165Z",11.41,11.41
105,"2025-09-23T15:54:50.302Z",1,"Rajeev Sachdeva","rajeev730@gmail.com",7753,"gj0051","undefined",,,"https://aiskillshouse.com/student/qr-mediator.html?uid=50&promptId=15","undefined","undefined","undefined","undefined","undefined","undefined","undefined","undefined",,,"undefined",,,"undefined","undefined","undefined","undefined","undefined","undefined","2025-09-23T15:54:39.705Z","2025-09-23T15:54:50.302Z",10.6,10.60
106,"2025-09-23T15:55:16.350Z",1,"Divya Srivastava","divya944@gmail.com",4115,"ntz3iy","undefined",,,"https://aiskillshouse.com/student/qr-mediator.html?uid=4620&promptId=17","undefined","undefined","undefined","undefined","undefined","undefined","undefined","undefined",,,"undefined",,,"undefined","undefined","undefined","undefined","undefined","undefined","2025-09-23T15:55:05.917Z","2025-09-23T15:55:16.350Z",10.43,10.43
107,"2025-09-23T15:55:41.959Z",1,"Pallavi Mishra","pallavi457@gmail.com",5720,"g3vopd","undefined",,,"https://aiskillshouse.com/student/qr-mediator.html?uid=4620&promptId=16","undefined","undefined","undefined","undefined","undefined","undefined","undefined","undefined",,,"undefined",,,"undefined","undefined","undefined","undefined","undefined","undefined","2025-09-23T15:55:31.077Z","2025-09-23T15:55:41.959Z",10.88,10.88
108,"2025-09-23T15:56:08.624Z",1,"Devesh Desai","devesh648@gmail.com",5008,"qebile","undefined",,,"https://aiskillshouse.com/student/qr-mediator.html?uid=4620&promptId=15","undefined","undefined","undefined","undefined","undefined","undefined","undefined","undefined",,,"undefined",,,"undefined","undefined","undefined","undefined","undefined","undefined","2025-09-23T15:55:57.468Z","2025-09-23T15:56:08.624Z",11.16,11.16
109,"2025-09-23T15:56:33.879Z",1,"Naveen Rao","naveen944@gmail.com",6859,"vwlxp3","undefined",,,"https://aiskillshouse.com/student/qr-mediator.html?uid=4620&promptId=14","undefined","undefined","undefined","undefined","undefined","undefined","undefined","undefined",,,"undefined",,,"undefined","undefined","undefined","undefined","undefined","undefined","2025-09-23T15:56:22.772Z","2025-09-23T15:56:33.879Z",11.11,11.11
110,"2025-09-23T15:56:56.297Z",1,"Yamini Gandhi","yamini584@gmail.com",3336,"be699m","undefined",,,"https://aiskillshouse.com/student/qr-mediator.html?uid=4620&promptId=13","undefined","undefined","undefined","undefined","undefined","undefined","undefined","undefined",,,"undefined",,,"undefined","undefined","undefined","undefined","undefined","undefined","2025-09-23T15:56:45.846Z","2025-09-23T15:56:56.297Z",10.45,10.45
111,"2025-09-23T15:58:19.795Z",1,"Sita Verma","sita411@gmail.com",7966,"omdl1k","undefined",,,"https://aiskillshouse.com/student/qr-mediator.html?uid=50&promptId=17","undefined","undefined","undefined","undefined","undefined","undefined","undefined","undefined",,,"undefined",,,"undefined","undefined","undefined","undefined","undefined","undefined","2025-09-23T15:57:45.403Z","2025-09-23T15:58:19.795Z",34.39,34.39
112,"2025-09-23T15:58:38.887Z",1,"Alka Gupta","alka398@gmail.com",5053,"q97rds","undefined",,,"https://aiskillshouse.com/student/qr-mediator.html?uid=50&promptId=13","undefined","undefined","undefined","undefined","undefined","undefined","undefined","undefined",,,"undefined",,,"undefined","undefined","undefined","undefined","undefined","undefined","2025-09-23T15:58:28.460Z","2025-09-23T15:58:38.887Z",10.43,10.43
113,"2025-09-23T15:58:58.803Z",1,"Ashok Saxena","ashok126@gmail.com",9417,"ppmpwz","undefined",,,"https://aiskillshouse.com/student/qr-mediator.html?uid=50&promptId=14","undefined","undefined","undefined","undefined","undefined","undefined","undefined","undefined",,,"undefined",,,"undefined","undefined","undefined","undefined","undefined","undefined","2025-09-23T15:58:48.354Z","2025-09-23T15:58:58.803Z",10.45,10.45
114,"2025-09-23T15:59:24.091Z",1,"Sapna Tiwari","sapna990@gmail.com",5013,"hjqxu1","undefined",,,"https://aiskillshouse.com/student/qr-mediator.html?uid=50&promptId=16","undefined","undefined","undefined","undefined","undefined","undefined","undefined","undefined",,,"undefined",,,"undefined","undefined","undefined","undefined","undefined","undefined","2025-09-23T15:59:13.606Z","2025-09-23T15:59:24.091Z",10.48,10.48
115,"2025-09-23T15:59:46.457Z",1,"Deepak Thakur","deepak515@gmail.com",1096,"qi1lln","undefined",,,"https://aiskillshouse.com/student/qr-mediator.html?uid=50&promptId=15","undefined","undefined","undefined","undefined","undefined","undefined","undefined","undefined",,,"undefined",,,"undefined","undefined","undefined","undefined","undefined","undefined","2025-09-23T15:59:36.116Z","2025-09-23T15:59:46.457Z",10.34,10.34
116,"2025-09-23T16:00:02.727Z",1,"Madhuri Vohra","madhuri195@gmail.com",3614,"fdc18q","undefined",,,"https://aiskillshouse.com/student/qr-mediator.html?uid=4620&promptId=17","undefined","undefined","undefined","undefined","undefined","undefined","undefined","undefined",,,"undefined",,,"undefined","undefined","undefined","undefined","undefined","undefined","2025-09-23T15:59:52.611Z","2025-09-23T16:00:02.727Z",10.12,10.12
117,"2025-09-23T16:00:32.589Z",1,"Vinod Mishra","vinod206@gmail.com",5730,"66gzpp","undefined",,,"https://aiskillshouse.com/student/qr-mediator.html?uid=4620&promptId=16","undefined","undefined","undefined","undefined","undefined","undefined","undefined","undefined",,,"undefined",,,"undefined","undefined","undefined","undefined","undefined","undefined","2025-09-23T16:00:22.414Z","2025-09-23T16:00:32.589Z",10.18,10.18
118,"2025-09-23T16:00:57.311Z",1,"Yamini Pal","yamini490@gmail.com",4607,"tin492","undefined",,,"https://aiskillshouse.com/student/qr-mediator.html?uid=4620&promptId=15","undefined","undefined","undefined","undefined","undefined","undefined","undefined","undefined",,,"undefined",,,"undefined","undefined","undefined","undefined","undefined","undefined","2025-09-23T16:00:47.076Z","2025-09-23T16:00:57.311Z",10.23,10.23
119,"2025-09-23T16:01:49.374Z",1,"Amit Sheth","amit363@gmail.com",9598,"ulxg0c","undefined",,,"https://aiskillshouse.com/student/qr-mediator.html?uid=4620&promptId=14","undefined","undefined","undefined","undefined","undefined","undefined","undefined","undefined",,,"undefined",,,"undefined","undefined","undefined","undefined","undefined","undefined","2025-09-23T16:01:13.770Z","2025-09-23T16:01:49.374Z",35.6,35.60
120,"2025-09-23T16:02:38.154Z",1,"Harsh Mishra","harsh710@gmail.com",3529,"o86myx","undefined",,,"https://aiskillshouse.com/student/qr-mediator.html?uid=4620&promptId=13","undefined","undefined","undefined","undefined","undefined","undefined","undefined","undefined",,,"undefined",,,"undefined","undefined","undefined","undefined","undefined","undefined","2025-09-23T16:02:02.894Z","2025-09-23T16:02:38.154Z",35.26,35.26
121,"2025-09-23T16:03:38.522Z",1,"Tarun Mishra","tarun300@gmail.com",1689,"9aislp","undefined",,,"https://aiskillshouse.com/student/qr-mediator.html?uid=50&promptId=17","undefined","undefined","undefined","undefined","undefined","undefined","undefined","undefined",,,"undefined",,,"undefined","undefined","undefined","undefined","undefined","undefined","2025-09-23T16:03:28.085Z","2025-09-23T16:03:38.522Z",10.44,10.44
122,"2025-09-23T16:03:57.735Z",1,"Vidya Murthy","vidya527@gmail.com",6598,"orqo7r","undefined",,,"https://aiskillshouse.com/student/qr-mediator.html?uid=50&promptId=13","undefined","undefined","undefined","undefined","undefined","undefined","undefined","undefined",,,"undefined",,,"undefined","undefined","undefined","undefined","undefined","undefined","2025-09-23T16:03:47.290Z","2025-09-23T16:03:57.735Z",10.45,10.45
123,"2025-09-23T16:04:22.933Z",1,"Rajesh Malhotra","rajesh354@gmail.com",2207,"pcveqb","undefined",,,"https://aiskillshouse.com/student/qr-mediator.html?uid=50&promptId=14","undefined","undefined","undefined","undefined","undefined","undefined","undefined","undefined",,,"undefined",,,"undefined","undefined","undefined","undefined","undefined","undefined","2025-09-23T16:04:12.529Z","2025-09-23T16:04:22.933Z",10.4,10.40
124,"2025-09-23T16:04:53.217Z",1,"Gaurav Patel","gaurav874@gmail.com",4391,"0nzieo","undefined",,,"https://aiskillshouse.com/student/qr-mediator.html?uid=50&promptId=16","undefined","undefined","undefined","undefined","undefined","undefined","undefined","undefined",,,"undefined",,,"undefined","undefined","undefined","undefined","undefined","undefined","2025-09-23T16:04:43.053Z","2025-09-23T16:04:53.217Z",10.16,10.16
125,"2025-09-23T16:05:18.883Z",1,"Tarun Kamath","tarun701@gmail.com",1092,"hbh33w","undefined",,,"https://aiskillshouse.com/student/qr-mediator.html?uid=50&promptId=15","undefined","undefined","undefined","undefined","undefined","undefined","undefined","undefined",,,"undefined",,,"undefined","undefined","undefined","undefined","undefined","undefined","2025-09-23T16:05:08.319Z","2025-09-23T16:05:18.883Z",10.56,10.56
